ID,Nombre,Edad,Ciudad,Total_Compras,Monto_Total,Valor_Dolar_Referencia,Fuente_Dolar,Ticket_Promedio,Segmento_Etario,Rango_Valor_Cliente,Score_Actividad,ID_Producto,Categoria
1,SofÃ­a MuÃ±oz,26.0,La Serena,3,86427.0,857.95,mindicador.cl,28809.0,Joven,Plata,0.25,2,Hogar
2,Fernanda Silva,46.0,Temuco,5,114303.0,857.95,mindicador.cl,22860.6,Adulto,Plata,0.4166666666666667,3,Moda
3,JoaquÃ­n Flores,35.0,Temuco,3,43599.0,857.95,mindicador.cl,14533.0,Adulto,Bronce,0.25,5,Juguetes
4,BenjamÃ­n Torres,32.0,ValparaÃ­so,6,101303.0,857.95,mindicador.cl,16883.83,Adulto,Plata,0.5,4,Deportes
5,BenjamÃ­n DÃ­az,34.0,ValparaÃ­so,3,144745.0,857.95,mindicador.cl,48248.33,Adulto,Plata,0.25,1,Electrónica
6,Gabriel Soto,38.0,Antofagasta,4,106510.0,857.95,mindicador.cl,26627.5,Adulto,Plata,0.3333333333333333,5,Juguetes
7,SofÃ­a Contreras,42.0,Santiago,6,83749.0,857.95,mindicador.cl,13958.17,Adulto,Plata,0.5,1,Electrónica
8,Daniela Rojas,23.0,Antofagasta,4,115258.0,857.95,mindicador.cl,28814.5,Joven,Plata,0.3333333333333333,1,Electrónica
9,Valentina DÃ­az,23.0,ValparaÃ­so,3,76806.0,857.95,mindicador.cl,25602.0,Joven,Plata,0.25,4,Deportes
11,Vicente Flores,30.0,Santiago,5,150627.0,857.95,mindicador.cl,30125.4,Adulto,Oro,0.4166666666666667,5,Juguetes
12,Catalina MartÃ­nez,18.0,Antofagasta,6,121573.0,857.95,mindicador.cl,20262.17,Joven,Plata,0.5,2,Hogar
14,Fernanda SepÃºlveda,41.0,Santiago,5,41234.0,857.95,mindicador.cl,8246.8,Adulto,Bronce,0.4166666666666667,3,Moda
15,Daniela Flores,18.0,Santiago,2,52368.0,857.95,mindicador.cl,26184.0,Joven,Plata,0.1666666666666666,3,Moda
16,Ignacio MuÃ±oz,38.0,Santiago,4,295672.0,857.95,mindicador.cl,73918.0,Adulto,Oro,0.3333333333333333,3,Moda
17,Vicente Torres,44.0,Santiago,6,141564.0,857.95,mindicador.cl,23594.0,Adulto,Plata,0.5,1,Electrónica
18,Camila GonzÃ¡lez,39.0,La Serena,5,47001.0,857.95,mindicador.cl,9400.2,Adulto,Bronce,0.4166666666666667,1,Electrónica
19,Gabriel Soto,43.0,Santiago,5,95817.0,857.95,mindicador.cl,19163.4,Adulto,Plata,0.4166666666666667,5,Juguetes
20,TomÃ¡s Silva,18.0,Antofagasta,3,171873.0,857.95,mindicador.cl,57291.0,Joven,Oro,0.25,2,Hogar
21,Vicente PÃ©rez,39.0,Antofagasta,4,125113.0,857.95,mindicador.cl,31278.25,Adulto,Plata,0.3333333333333333,2,Hogar
22,Mateo MuÃ±oz,31.0,Santiago,3,45041.0,857.95,mindicador.cl,15013.67,Adulto,Bronce,0.25,4,Deportes
23,Valentina Rojas,29.0,Santiago,8,137927.0,857.95,mindicador.cl,17240.88,Joven,Plata,0.6666666666666666,1,Electrónica
24,Antonia SepÃºlveda,45.0,ConcepciÃ³n,4,73085.0,857.95,mindicador.cl,18271.25,Adulto,Plata,0.3333333333333333,5,Juguetes
25,Ignacio DÃ­az,53.0,Santiago,6,178627.0,857.95,mindicador.cl,29771.17,Adulto,Oro,0.5,3,Moda
26,JoaquÃ­n DÃ­az,57.0,Santiago,2,104732.0,857.95,mindicador.cl,52366.0,Adulto,Plata,0.1666666666666666,3,Moda
27,BenjamÃ­n Flores,51.0,Rancagua,5,219889.0,857.95,mindicador.cl,43977.8,Adulto,Oro,0.4166666666666667,1,Electrónica
28,Ignacio MuÃ±oz,34.0,Rancagua,7,220161.0,857.95,mindicador.cl,31451.57,Adulto,Oro,0.5833333333333334,4,Deportes
29,Vicente Torres,39.0,La Serena,3,27943.0,857.95,mindicador.cl,9314.33,Adulto,Bronce,0.25,5,Juguetes
30,BenjamÃ­n Flores,44.0,Santiago,7,82510.0,857.95,mindicador.cl,11787.14,Adulto,Plata,0.5833333333333334,3,Moda
31,TomÃ¡s Silva,36.0,ConcepciÃ³n,5,170439.0,857.95,mindicador.cl,34087.8,Adulto,Oro,0.4166666666666667,1,Electrónica
32,Isidora MuÃ±oz,37.0,ConcepciÃ³n,6,68093.0,857.95,mindicador.cl,11348.83,Adulto,Plata,0.5,1,Electrónica
33,SofÃ­a MuÃ±oz,45.0,Santiago,9,211352.0,857.95,mindicador.cl,23483.56,Adulto,Oro,0.75,4,Deportes
34,Vicente DÃ­az,34.0,ConcepciÃ³n,5,152189.0,857.95,mindicador.cl,30437.8,Adulto,Oro,0.4166666666666667,1,Electrónica
35,Gabriel Contreras,26.0,Santiago,7,100129.0,857.95,mindicador.cl,14304.14,Joven,Plata,0.5833333333333334,2,Hogar
36,SofÃ­a MuÃ±oz,30.0,Santiago,3,46674.0,857.95,mindicador.cl,15558.0,Adulto,Bronce,0.25,2,Hogar
37,Gabriel Soto,43.0,ValparaÃ­so,4,104219.0,857.95,mindicador.cl,26054.75,Adulto,Plata,0.3333333333333333,5,Juguetes
38,Ignacio MuÃ±oz,35.0,Santiago,2,62024.0,857.95,mindicador.cl,31012.0,Adulto,Plata,0.1666666666666666,4,Deportes
39,Isidora Contreras,39.0,Santiago,4,166486.0,857.95,mindicador.cl,41621.5,Adulto,Oro,0.3333333333333333,2,Hogar
40,JoaquÃ­n GonzÃ¡lez,43.0,Antofagasta,7,242135.0,857.95,mindicador.cl,34590.71,Adulto,Oro,0.5833333333333334,1,Electrónica
41,Camila MartÃ­nez,31.0,Rancagua,4,106925.0,857.95,mindicador.cl,26731.25,Adulto,Plata,0.3333333333333333,5,Juguetes
42,Fernanda GonzÃ¡lez,44.0,ValparaÃ­so,6,100265.0,857.95,mindicador.cl,16710.83,Adulto,Plata,0.5,4,Deportes
43,Daniela Rojas,40.0,Antofagasta,6,84610.0,857.95,mindicador.cl,14101.67,Adulto,Plata,0.5,2,Hogar
44,Mateo Rojas,20.0,Rancagua,2,44357.0,857.95,mindicador.cl,22178.5,Joven,Bronce,0.1666666666666666,3,Moda
45,SofÃ­a SepÃºlveda,52.0,Santiago,1,33233.0,857.95,mindicador.cl,33233.0,Adulto,Bronce,0.0833333333333333,1,Electrónica
46,Catalina GonzÃ¡lez,29.0,Santiago,2,64164.0,857.95,mindicador.cl,32082.0,Joven,Plata,0.1666666666666666,3,Moda
47,TomÃ¡s Soto,18.0,Santiago,9,66194.0,857.95,mindicador.cl,7354.89,Joven,Plata,0.75,5,Juguetes
48,Antonia Silva,22.0,Santiago,4,59436.0,857.95,mindicador.cl,14859.0,Joven,Plata,0.3333333333333333,5,Juguetes
49,Daniela Contreras,23.0,La Serena,5,250520.0,857.95,mindicador.cl,50104.0,Joven,Oro,0.4166666666666667,4,Deportes
50,Ignacio MartÃ­nez,35.0,Santiago,5,131071.0,857.95,mindicador.cl,26214.2,Adulto,Plata,0.4166666666666667,4,Deportes
51,Fernanda SepÃºlveda,32.0,ValparaÃ­so,6,65689.0,857.95,mindicador.cl,10948.17,Adulto,Plata,0.5,1,Electrónica
53,Mateo SepÃºlveda,42.0,Santiago,2,45965.0,857.95,mindicador.cl,22982.5,Adulto,Bronce,0.1666666666666666,4,Deportes
54,TomÃ¡s DÃ­az,39.0,Temuco,7,212648.0,857.95,mindicador.cl,30378.29,Adulto,Oro,0.5833333333333334,2,Hogar
55,TomÃ¡s Flores,39.0,Santiago,6,180447.0,857.95,mindicador.cl,30074.5,Adulto,Oro,0.5,4,Deportes
56,Ana Contreras,40.0,Santiago,7,135464.0,857.95,mindicador.cl,19352.0,Adulto,Plata,0.5833333333333334,3,Moda
57,Vicente MartÃ­nez,42.0,Santiago,2,32535.0,857.95,mindicador.cl,16267.5,Adulto,Bronce,0.1666666666666666,5,Juguetes
58,Camila Torres,18.0,ValparaÃ­so,3,237942.0,857.95,mindicador.cl,79314.0,Joven,Oro,0.25,4,Deportes
59,Fernanda SepÃºlveda,31.0,ConcepciÃ³n,4,179167.0,857.95,mindicador.cl,44791.75,Adulto,Oro,0.3333333333333333,2,Hogar
60,Daniela Torres,18.0,ValparaÃ­so,6,237199.0,857.95,mindicador.cl,39533.17,Joven,Oro,0.5,5,Juguetes
61,Antonia Contreras,35.0,Santiago,5,172945.0,857.95,mindicador.cl,34589.0,Adulto,Oro,0.4166666666666667,4,Deportes
62,Fernanda GonzÃ¡lez,35.0,Santiago,8,111464.0,857.95,mindicador.cl,13933.0,Adulto,Plata,0.6666666666666666,5,Juguetes
64,Catalina Rojas,49.0,ConcepciÃ³n,6,96146.0,857.95,mindicador.cl,16024.33,Adulto,Plata,0.5,4,Deportes
65,BenjamÃ­n Torres,37.0,ConcepciÃ³n,3,91226.0,857.95,mindicador.cl,30408.67,Adulto,Plata,0.25,4,Deportes
66,Martina Rojas,29.0,ConcepciÃ³n,5,50267.0,857.95,mindicador.cl,10053.4,Joven,Plata,0.4166666666666667,5,Juguetes
67,Antonia Rojas,41.0,La Serena,3,29806.0,857.95,mindicador.cl,9935.33,Adulto,Bronce,0.25,1,Electrónica
68,Mateo Rojas,35.0,Santiago,1,29823.0,857.95,mindicador.cl,29823.0,Adulto,Bronce,0.0833333333333333,2,Hogar
69,SofÃ­a Silva,35.0,Santiago,2,36005.0,857.95,mindicador.cl,18002.5,Adulto,Bronce,0.1666666666666666,1,Electrónica
70,TomÃ¡s Contreras,47.0,ValparaÃ­so,4,31037.0,857.95,mindicador.cl,7759.25,Adulto,Bronce,0.3333333333333333,4,Deportes
71,Ignacio Flores,28.0,Santiago,2,58250.0,857.95,mindicador.cl,29125.0,Joven,Plata,0.1666666666666666,5,Juguetes
72,Valentina PÃ©rez,45.0,Antofagasta,4,322269.0,857.95,mindicador.cl,80567.25,Adulto,Oro,0.3333333333333333,4,Deportes
74,Camila GonzÃ¡lez,24.0,La Serena,1,24578.0,857.95,mindicador.cl,24578.0,Joven,Bronce,0.0833333333333333,5,Juguetes
75,Daniela GonzÃ¡lez,47.0,Antofagasta,2,52355.0,857.95,mindicador.cl,26177.5,Adulto,Plata,0.1666666666666666,1,Electrónica
76,TomÃ¡s PÃ©rez,43.0,ValparaÃ­so,6,242674.0,857.95,mindicador.cl,40445.67,Adulto,Oro,0.5,2,Hogar
77,Martina Flores,36.0,Temuco,3,134992.0,857.95,mindicador.cl,44997.33,Adulto,Plata,0.25,2,Hogar
78,Isidora Contreras,35.0,ConcepciÃ³n,3,64846.0,857.95,mindicador.cl,21615.33,Adulto,Plata,0.25,3,Moda
79,Lucas Torres,25.0,Antofagasta,4,104030.0,857.95,mindicador.cl,26007.5,Joven,Plata,0.3333333333333333,2,Hogar
80,Daniela MuÃ±oz,29.0,Santiago,2,56185.0,857.95,mindicador.cl,28092.5,Joven,Plata,0.1666666666666666,5,Juguetes
81,Antonia MuÃ±oz,42.0,ValparaÃ­so,8,276772.0,857.95,mindicador.cl,34596.5,Adulto,Oro,0.6666666666666666,4,Deportes
82,BenjamÃ­n Torres,24.0,ValparaÃ­so,4,88528.0,857.95,mindicador.cl,22132.0,Joven,Plata,0.3333333333333333,2,Hogar
83,Camila MuÃ±oz,40.0,Santiago,8,184300.0,857.95,mindicador.cl,23037.5,Adulto,Oro,0.6666666666666666,2,Hogar
86,Daniela Flores,36.0,ConcepciÃ³n,3,95731.0,857.95,mindicador.cl,31910.33,Adulto,Plata,0.25,5,Juguetes
88,Martina MuÃ±oz,18.0,Santiago,5,101839.0,857.95,mindicador.cl,20367.8,Joven,Plata,0.4166666666666667,2,Hogar
89,Fernanda Torres,53.0,Santiago,2,108350.0,857.95,mindicador.cl,54175.0,Adulto,Plata,0.1666666666666666,5,Juguetes
90,Ignacio Torres,37.0,Santiago,3,96544.0,857.95,mindicador.cl,32181.33,Adulto,Plata,0.25,2,Hogar
91,BenjamÃ­n SepÃºlveda,40.0,Temuco,2,301945.0,857.95,mindicador.cl,150972.5,Adulto,Oro,0.1666666666666666,3,Moda
92,Ignacio Torres,36.0,Santiago,4,50116.0,857.95,mindicador.cl,12529.0,Adulto,Plata,0.3333333333333333,5,Juguetes
93,Gabriel Rojas,40.0,Santiago,5,86792.0,857.95,mindicador.cl,17358.4,Adulto,Plata,0.4166666666666667,4,Deportes
94,Mateo Flores,33.0,ConcepciÃ³n,2,68599.0,857.95,mindicador.cl,34299.5,Adulto,Plata,0.1666666666666666,1,Electrónica
95,Antonia DÃ­az,52.0,Santiago,4,122811.0,857.95,mindicador.cl,30702.75,Adulto,Plata,0.3333333333333333,3,Moda
96,Martina SepÃºlveda,30.0,Santiago,2,140857.0,857.95,mindicador.cl,70428.5,Adulto,Plata,0.1666666666666666,2,Hogar
97,Isidora Contreras,49.0,ConcepciÃ³n,5,88173.0,857.95,mindicador.cl,17634.6,Adulto,Plata,0.4166666666666667,4,Deportes
98,Daniela SepÃºlveda,27.0,ConcepciÃ³n,5,203985.0,857.95,mindicador.cl,40797.0,Joven,Oro,0.4166666666666667,1,Electrónica
99,JoaquÃ­n Silva,34.0,Rancagua,6,283508.0,857.95,mindicador.cl,47251.33,Adulto,Oro,0.5,5,Juguetes
100,Camila Silva,22.0,ConcepciÃ³n,3,109044.0,857.95,mindicador.cl,36348.0,Joven,Plata,0.25,5,Juguetes
101,Ignacio Silva,40.0,ValparaÃ­so,5,84892.0,857.95,mindicador.cl,16978.4,Adulto,Plata,0.4166666666666667,5,Juguetes
102,Valentina SepÃºlveda,52.0,La Serena,6,314147.0,857.95,mindicador.cl,52357.83,Adulto,Oro,0.5,5,Juguetes
103,Ignacio MartÃ­nez,34.0,Temuco,3,145527.0,857.95,mindicador.cl,48509.0,Adulto,Plata,0.25,1,Electrónica
104,Ana MuÃ±oz,33.0,La Serena,3,104280.0,857.95,mindicador.cl,34760.0,Adulto,Plata,0.25,5,Juguetes
105,Ignacio SepÃºlveda,22.0,Rancagua,5,135963.0,857.95,mindicador.cl,27192.6,Joven,Plata,0.4166666666666667,3,Moda
106,Ignacio Contreras,32.0,La Serena,6,174363.0,857.95,mindicador.cl,29060.5,Adulto,Oro,0.5,2,Hogar
107,Ignacio DÃ­az,18.0,Antofagasta,3,75888.0,857.95,mindicador.cl,25296.0,Joven,Plata,0.25,1,Electrónica
108,JoaquÃ­n Contreras,35.0,Santiago,7,248703.0,857.95,mindicador.cl,35529.0,Adulto,Oro,0.5833333333333334,5,Juguetes
109,TomÃ¡s Flores,38.0,La Serena,3,74942.0,857.95,mindicador.cl,24980.67,Adulto,Plata,0.25,4,Deportes
110,Daniela Torres,51.0,Santiago,1,15117.0,857.95,mindicador.cl,15117.0,Adulto,Bronce,0.0833333333333333,5,Juguetes
111,Isidora Torres,69.0,ValparaÃ­so,2,27563.0,857.95,mindicador.cl,13781.5,Sénior,Bronce,0.1666666666666666,3,Moda
112,Ignacio Soto,28.0,ConcepciÃ³n,2,32671.0,857.95,mindicador.cl,16335.5,Joven,Bronce,0.1666666666666666,4,Deportes
113,Lucas SepÃºlveda,52.0,Rancagua,1,27309.0,857.95,mindicador.cl,27309.0,Adulto,Bronce,0.0833333333333333,3,Moda
114,TomÃ¡s PÃ©rez,38.0,Rancagua,3,75159.0,857.95,mindicador.cl,25053.0,Adulto,Plata,0.25,1,Electrónica
115,Vicente MartÃ­nez,33.0,Santiago,2,60053.0,857.95,mindicador.cl,30026.5,Adulto,Plata,0.1666666666666666,1,Electrónica
116,Lucas Silva,40.0,La Serena,7,224345.0,857.95,mindicador.cl,32049.29,Adulto,Oro,0.5833333333333334,2,Hogar
117,Ana Rojas,36.0,La Serena,8,136387.0,857.95,mindicador.cl,17048.38,Adulto,Plata,0.6666666666666666,5,Juguetes
118,Camila DÃ­az,36.0,Santiago,4,215176.0,857.95,mindicador.cl,53794.0,Adulto,Oro,0.3333333333333333,3,Moda
119,Isidora GonzÃ¡lez,30.0,Santiago,5,112218.0,857.95,mindicador.cl,22443.6,Adulto,Plata,0.4166666666666667,1,Electrónica
120,Camila MuÃ±oz,18.0,Santiago,2,40647.0,857.95,mindicador.cl,20323.5,Joven,Bronce,0.1666666666666666,5,Juguetes
121,BenjamÃ­n Soto,35.0,La Serena,4,132910.0,857.95,mindicador.cl,33227.5,Adulto,Plata,0.3333333333333333,5,Juguetes
122,Daniela Soto,43.0,ValparaÃ­so,5,38376.0,857.95,mindicador.cl,7675.2,Adulto,Bronce,0.4166666666666667,1,Electrónica
123,JoaquÃ­n MuÃ±oz,32.0,Rancagua,4,73665.0,857.95,mindicador.cl,18416.25,Adulto,Plata,0.3333333333333333,3,Moda
124,TomÃ¡s Soto,28.0,ValparaÃ­so,7,297134.0,857.95,mindicador.cl,42447.71,Joven,Oro,0.5833333333333334,1,Electrónica
125,Gabriel Silva,35.0,Rancagua,5,48915.0,857.95,mindicador.cl,9783.0,Adulto,Bronce,0.4166666666666667,3,Moda
126,Lucas Rojas,45.0,Santiago,5,235402.0,857.95,mindicador.cl,47080.4,Adulto,Oro,0.4166666666666667,2,Hogar
127,SofÃ­a PÃ©rez,37.0,Antofagasta,3,167258.0,857.95,mindicador.cl,55752.67,Adulto,Oro,0.25,2,Hogar
128,Fernanda PÃ©rez,27.0,Santiago,6,119686.0,857.95,mindicador.cl,19947.67,Joven,Plata,0.5,5,Juguetes
129,Lucas Contreras,50.0,ValparaÃ­so,3,88953.0,857.95,mindicador.cl,29651.0,Adulto,Plata,0.25,1,Electrónica
130,JoaquÃ­n PÃ©rez,54.0,Antofagasta,4,199345.0,857.95,mindicador.cl,49836.25,Adulto,Oro,0.3333333333333333,1,Electrónica
131,Lucas MartÃ­nez,41.0,Temuco,6,117542.0,857.95,mindicador.cl,19590.33,Adulto,Plata,0.5,2,Hogar
132,Vicente DÃ­az,47.0,Antofagasta,3,128908.0,857.95,mindicador.cl,42969.33,Adulto,Plata,0.25,2,Hogar
133,SofÃ­a Soto,50.0,Santiago,2,40595.0,857.95,mindicador.cl,20297.5,Adulto,Bronce,0.1666666666666666,2,Hogar
134,Lucas PÃ©rez,49.0,Santiago,5,97963.0,857.95,mindicador.cl,19592.6,Adulto,Plata,0.4166666666666667,1,Electrónica
135,Ignacio Rojas,42.0,Santiago,4,59481.0,857.95,mindicador.cl,14870.25,Adulto,Plata,0.3333333333333333,1,Electrónica
136,Martina MartÃ­nez,42.0,Santiago,3,95853.0,857.95,mindicador.cl,31951.0,Adulto,Plata,0.25,1,Electrónica
137,Lucas Rojas,41.0,ConcepciÃ³n,5,228832.0,857.95,mindicador.cl,45766.4,Adulto,Oro,0.4166666666666667,2,Hogar
138,Ana DÃ­az,22.0,La Serena,6,143559.0,857.95,mindicador.cl,23926.5,Joven,Plata,0.5,3,Moda
139,Mateo SepÃºlveda,43.0,La Serena,5,63124.0,857.95,mindicador.cl,12624.8,Adulto,Plata,0.4166666666666667,4,Deportes
140,BenjamÃ­n Flores,19.0,Antofagasta,7,83225.0,857.95,mindicador.cl,11889.29,Joven,Plata,0.5833333333333334,3,Moda
141,Catalina MartÃ­nez,25.0,La Serena,4,122536.0,857.95,mindicador.cl,30634.0,Joven,Plata,0.3333333333333333,5,Juguetes
143,Isidora Torres,45.0,Santiago,4,122993.0,857.95,mindicador.cl,30748.25,Adulto,Plata,0.3333333333333333,1,Electrónica
144,BenjamÃ­n Soto,53.0,Santiago,6,124824.0,857.95,mindicador.cl,20804.0,Adulto,Plata,0.5,2,Hogar
145,Catalina SepÃºlveda,32.0,ConcepciÃ³n,2,71955.0,857.95,mindicador.cl,35977.5,Adulto,Plata,0.1666666666666666,3,Moda
146,Gabriel DÃ­az,21.0,Antofagasta,7,146872.0,857.95,mindicador.cl,20981.71,Joven,Plata,0.5833333333333334,3,Moda
147,Ana Soto,32.0,Santiago,5,101163.0,857.95,mindicador.cl,20232.6,Adulto,Plata,0.4166666666666667,5,Juguetes
148,Isidora Contreras,36.0,ValparaÃ­so,3,44429.0,857.95,mindicador.cl,14809.67,Adulto,Bronce,0.25,1,Electrónica
149,Ignacio Flores,36.0,ConcepciÃ³n,4,215241.0,857.95,mindicador.cl,53810.25,Adulto,Oro,0.3333333333333333,1,Electrónica
150,SofÃ­a Torres,49.0,Santiago,2,18509.0,857.95,mindicador.cl,9254.5,Adulto,Bronce,0.1666666666666666,2,Hogar
151,Gabriel Soto,31.0,Santiago,5,189609.0,857.95,mindicador.cl,37921.8,Adulto,Oro,0.4166666666666667,5,Juguetes
152,Martina Silva,39.0,Temuco,5,98425.0,857.95,mindicador.cl,19685.0,Adulto,Plata,0.4166666666666667,3,Moda
153,Antonia Rojas,23.0,ConcepciÃ³n,3,60187.0,857.95,mindicador.cl,20062.33,Joven,Plata,0.25,5,Juguetes
154,Martina SepÃºlveda,40.0,Santiago,3,182452.0,857.95,mindicador.cl,60817.33,Adulto,Oro,0.25,5,Juguetes
155,BenjamÃ­n Contreras,35.0,Antofagasta,3,44044.0,857.95,mindicador.cl,14681.33,Adulto,Bronce,0.25,4,Deportes
156,JoaquÃ­n Contreras,26.0,Santiago,1,17258.0,857.95,mindicador.cl,17258.0,Joven,Bronce,0.0833333333333333,2,Hogar
157,Camila SepÃºlveda,32.0,Antofagasta,6,149525.0,857.95,mindicador.cl,24920.83,Adulto,Plata,0.5,3,Moda
158,Lucas Silva,33.0,Santiago,3,97067.0,857.95,mindicador.cl,32355.67,Adulto,Plata,0.25,5,Juguetes
159,Vicente GonzÃ¡lez,32.0,ConcepciÃ³n,6,109010.0,857.95,mindicador.cl,18168.33,Adulto,Plata,0.5,4,Deportes
160,Ignacio DÃ­az,56.0,Santiago,4,26527.0,857.95,mindicador.cl,6631.75,Adulto,Bronce,0.3333333333333333,2,Hogar
161,Catalina Rojas,34.0,Santiago,4,65783.0,857.95,mindicador.cl,16445.75,Adulto,Plata,0.3333333333333333,2,Hogar
162,JoaquÃ­n MartÃ­nez,32.0,Temuco,4,201850.0,857.95,mindicador.cl,50462.5,Adulto,Oro,0.3333333333333333,1,Electrónica
163,BenjamÃ­n GonzÃ¡lez,18.0,Santiago,3,83855.0,857.95,mindicador.cl,27951.67,Joven,Plata,0.25,3,Moda
164,BenjamÃ­n Rojas,24.0,Santiago,4,123755.0,857.95,mindicador.cl,30938.75,Joven,Plata,0.3333333333333333,1,Electrónica
165,BenjamÃ­n Silva,32.0,Santiago,0,1751.0,857.95,mindicador.cl,inf,Adulto,Bronce,0.0,5,Juguetes
166,Ignacio MartÃ­nez,27.0,La Serena,4,73809.0,857.95,mindicador.cl,18452.25,Joven,Plata,0.3333333333333333,3,Moda
168,Valentina Torres,33.0,Rancagua,7,155662.0,857.95,mindicador.cl,22237.43,Adulto,Oro,0.5833333333333334,3,Moda
169,Mateo Flores,50.0,Santiago,2,39306.0,857.95,mindicador.cl,19653.0,Adulto,Bronce,0.1666666666666666,2,Hogar
170,Ana MuÃ±oz,36.0,Santiago,4,185450.0,857.95,mindicador.cl,46362.5,Adulto,Oro,0.3333333333333333,4,Deportes
171,SofÃ­a Flores,35.0,Santiago,7,117552.0,857.95,mindicador.cl,16793.14,Adulto,Plata,0.5833333333333334,5,Juguetes
172,SofÃ­a Silva,35.0,ConcepciÃ³n,9,167098.0,857.95,mindicador.cl,18566.44,Adulto,Oro,0.75,3,Moda
173,Fernanda Silva,35.0,Rancagua,4,98255.0,857.95,mindicador.cl,24563.75,Adulto,Plata,0.3333333333333333,4,Deportes
174,Fernanda MuÃ±oz,56.0,ConcepciÃ³n,9,218391.0,857.95,mindicador.cl,24265.67,Adulto,Oro,0.75,1,Electrónica
175,Daniela Silva,35.0,ConcepciÃ³n,4,125233.0,857.95,mindicador.cl,31308.25,Adulto,Plata,0.3333333333333333,3,Moda
176,TomÃ¡s MartÃ­nez,18.0,Santiago,3,233940.0,857.95,mindicador.cl,77980.0,Joven,Oro,0.25,1,Electrónica
177,Daniela Contreras,28.0,Temuco,8,237786.0,857.95,mindicador.cl,29723.25,Joven,Oro,0.6666666666666666,2,Hogar
178,Camila MuÃ±oz,35.0,ValparaÃ­so,1,6430.0,857.95,mindicador.cl,6430.0,Adulto,Bronce,0.0833333333333333,5,Juguetes
179,Antonia Contreras,43.0,Santiago,4,119994.0,857.95,mindicador.cl,29998.5,Adulto,Plata,0.3333333333333333,3,Moda
180,Vicente Flores,41.0,Santiago,4,100172.0,857.95,mindicador.cl,25043.0,Adulto,Plata,0.3333333333333333,3,Moda
181,Antonia MartÃ­nez,30.0,Santiago,5,127936.0,857.95,mindicador.cl,25587.2,Adulto,Plata,0.4166666666666667,3,Moda
182,Camila MuÃ±oz,47.0,Santiago,7,200149.0,857.95,mindicador.cl,28592.71,Adulto,Oro,0.5833333333333334,3,Moda
183,TomÃ¡s Flores,47.0,Santiago,4,99309.0,857.95,mindicador.cl,24827.25,Adulto,Plata,0.3333333333333333,1,Electrónica
184,Daniela Flores,37.0,ValparaÃ­so,6,133934.0,857.95,mindicador.cl,22322.33,Adulto,Plata,0.5,1,Electrónica
185,TomÃ¡s Rojas,47.0,ConcepciÃ³n,3,114478.0,857.95,mindicador.cl,38159.33,Adulto,Plata,0.25,3,Moda
186,TomÃ¡s SepÃºlveda,35.0,Santiago,3,54928.0,857.95,mindicador.cl,18309.33,Adulto,Plata,0.25,4,Deportes
187,Camila PÃ©rez,28.0,Santiago,8,121661.0,857.95,mindicador.cl,15207.62,Joven,Plata,0.6666666666666666,5,Juguetes
189,Isidora Soto,36.0,La Serena,4,65099.0,857.95,mindicador.cl,16274.75,Adulto,Plata,0.3333333333333333,2,Hogar
190,Martina SepÃºlveda,35.0,ValparaÃ­so,4,102301.0,857.95,mindicador.cl,25575.25,Adulto,Plata,0.3333333333333333,3,Moda
191,Daniela Flores,53.0,Santiago,4,51277.0,857.95,mindicador.cl,12819.25,Adulto,Plata,0.3333333333333333,4,Deportes
192,JoaquÃ­n SepÃºlveda,18.0,Temuco,6,156994.0,857.95,mindicador.cl,26165.67,Joven,Oro,0.5,3,Moda
193,Lucas Flores,18.0,Santiago,1,18754.0,857.95,mindicador.cl,18754.0,Joven,Bronce,0.0833333333333333,3,Moda
194,Mateo Flores,21.0,Santiago,2,35947.0,857.95,mindicador.cl,17973.5,Joven,Bronce,0.1666666666666666,1,Electrónica
195,Catalina MuÃ±oz,31.0,Temuco,5,219831.0,857.95,mindicador.cl,43966.2,Adulto,Oro,0.4166666666666667,2,Hogar
196,SofÃ­a DÃ­az,32.0,ValparaÃ­so,3,96004.0,857.95,mindicador.cl,32001.33,Adulto,Plata,0.25,3,Moda
197,Mateo MartÃ­nez,18.0,La Serena,7,245646.0,857.95,mindicador.cl,35092.29,Joven,Oro,0.5833333333333334,1,Electrónica
198,Camila Silva,23.0,ConcepciÃ³n,3,18864.0,857.95,mindicador.cl,6288.0,Joven,Bronce,0.25,4,Deportes
199,Mateo GonzÃ¡lez,25.0,ConcepciÃ³n,1,62082.0,857.95,mindicador.cl,62082.0,Joven,Plata,0.0833333333333333,3,Moda
200,Catalina MuÃ±oz,64.0,Santiago,4,42180.0,857.95,mindicador.cl,10545.0,Sénior,Bronce,0.3333333333333333,3,Moda
202,Antonia Silva,30.0,Santiago,7,302877.0,857.95,mindicador.cl,43268.14,Adulto,Oro,0.5833333333333334,3,Moda
203,TomÃ¡s Rojas,31.0,Santiago,4,129301.0,857.95,mindicador.cl,32325.25,Adulto,Plata,0.3333333333333333,4,Deportes
204,Daniela Rojas,21.0,Temuco,6,90057.0,857.95,mindicador.cl,15009.5,Joven,Plata,0.5,4,Deportes
205,TomÃ¡s MuÃ±oz,18.0,Santiago,10,261664.0,857.95,mindicador.cl,26166.4,Joven,Oro,0.8333333333333334,1,Electrónica
206,Isidora Contreras,34.0,ValparaÃ­so,2,33501.0,857.95,mindicador.cl,16750.5,Adulto,Bronce,0.1666666666666666,1,Electrónica
207,Fernanda GonzÃ¡lez,23.0,Antofagasta,6,158417.0,857.95,mindicador.cl,26402.83,Joven,Oro,0.5,2,Hogar
208,Catalina Contreras,34.0,La Serena,8,176337.0,857.95,mindicador.cl,22042.12,Adulto,Oro,0.6666666666666666,1,Electrónica
209,Isidora Soto,35.0,Santiago,10,82407.0,857.95,mindicador.cl,8240.7,Adulto,Plata,0.8333333333333334,5,Juguetes
210,Ignacio Soto,26.0,ValparaÃ­so,3,133985.0,857.95,mindicador.cl,44661.67,Joven,Plata,0.25,4,Deportes
211,Isidora MartÃ­nez,37.0,Rancagua,5,111866.0,857.95,mindicador.cl,22373.2,Adulto,Plata,0.4166666666666667,3,Moda
212,Daniela Contreras,39.0,ConcepciÃ³n,6,109197.0,857.95,mindicador.cl,18199.5,Adulto,Plata,0.5,5,Juguetes
213,Ignacio MartÃ­nez,40.0,Antofagasta,7,128371.0,857.95,mindicador.cl,18338.71,Adulto,Plata,0.5833333333333334,5,Juguetes
214,TomÃ¡s SepÃºlveda,19.0,Temuco,5,156582.0,857.95,mindicador.cl,31316.4,Joven,Oro,0.4166666666666667,3,Moda
215,Fernanda Flores,45.0,La Serena,8,126845.0,857.95,mindicador.cl,15855.62,Adulto,Plata,0.6666666666666666,5,Juguetes
216,Isidora SepÃºlveda,25.0,Santiago,9,68242.0,857.95,mindicador.cl,7582.44,Joven,Plata,0.75,3,Moda
217,SofÃ­a Contreras,43.0,ValparaÃ­so,4,121409.0,857.95,mindicador.cl,30352.25,Adulto,Plata,0.3333333333333333,4,Deportes
218,SofÃ­a Soto,35.0,Santiago,5,166427.0,857.95,mindicador.cl,33285.4,Adulto,Oro,0.4166666666666667,1,Electrónica
219,TomÃ¡s Rojas,18.0,ConcepciÃ³n,5,110395.0,857.95,mindicador.cl,22079.0,Joven,Plata,0.4166666666666667,1,Electrónica
220,Antonia Silva,31.0,Rancagua,5,65478.0,857.95,mindicador.cl,13095.6,Adulto,Plata,0.4166666666666667,2,Hogar
221,Camila MuÃ±oz,39.0,ValparaÃ­so,4,115199.0,857.95,mindicador.cl,28799.75,Adulto,Plata,0.3333333333333333,1,Electrónica
222,TomÃ¡s Flores,42.0,Santiago,4,35877.0,857.95,mindicador.cl,8969.25,Adulto,Bronce,0.3333333333333333,2,Hogar
223,Daniela Torres,33.0,Santiago,5,69873.0,857.95,mindicador.cl,13974.6,Adulto,Plata,0.4166666666666667,1,Electrónica
224,Valentina MuÃ±oz,53.0,Rancagua,2,39146.0,857.95,mindicador.cl,19573.0,Adulto,Bronce,0.1666666666666666,4,Deportes
225,Daniela SepÃºlveda,35.0,Santiago,3,111972.0,857.95,mindicador.cl,37324.0,Adulto,Plata,0.25,1,Electrónica
226,Martina MuÃ±oz,32.0,Santiago,8,160620.0,857.95,mindicador.cl,20077.5,Adulto,Oro,0.6666666666666666,2,Hogar
227,Ignacio MartÃ­nez,44.0,Santiago,3,55980.0,857.95,mindicador.cl,18660.0,Adulto,Plata,0.25,3,Moda
229,Vicente Soto,59.0,ValparaÃ­so,5,143760.0,857.95,mindicador.cl,28752.0,Adulto,Plata,0.4166666666666667,3,Moda
230,Valentina Silva,20.0,ValparaÃ­so,2,63224.0,857.95,mindicador.cl,31612.0,Joven,Plata,0.1666666666666666,2,Hogar
231,TomÃ¡s MartÃ­nez,24.0,Santiago,6,125732.0,857.95,mindicador.cl,20955.33,Joven,Plata,0.5,4,Deportes
232,Gabriel Soto,53.0,Santiago,7,128605.0,857.95,mindicador.cl,18372.14,Adulto,Plata,0.5833333333333334,2,Hogar
233,Ana Flores,22.0,Santiago,5,33203.0,857.95,mindicador.cl,6640.6,Joven,Bronce,0.4166666666666667,5,Juguetes
234,Fernanda SepÃºlveda,19.0,Santiago,2,85618.0,857.95,mindicador.cl,42809.0,Joven,Plata,0.1666666666666666,4,Deportes
235,TomÃ¡s Rojas,29.0,Santiago,3,91475.0,857.95,mindicador.cl,30491.67,Joven,Plata,0.25,2,Hogar
236,Daniela MartÃ­nez,40.0,ConcepciÃ³n,3,66299.0,857.95,mindicador.cl,22099.67,Adulto,Plata,0.25,5,Juguetes
237,JoaquÃ­n MartÃ­nez,34.0,Santiago,5,126680.0,857.95,mindicador.cl,25336.0,Adulto,Plata,0.4166666666666667,4,Deportes
238,BenjamÃ­n PÃ©rez,27.0,Santiago,6,225347.0,857.95,mindicador.cl,37557.83,Joven,Oro,0.5,5,Juguetes
239,Martina MartÃ­nez,27.0,Santiago,7,68480.0,857.95,mindicador.cl,9782.86,Joven,Plata,0.5833333333333334,2,Hogar
240,JoaquÃ­n Torres,26.0,Santiago,3,55122.0,857.95,mindicador.cl,18374.0,Joven,Plata,0.25,1,Electrónica
241,Camila SepÃºlveda,24.0,Santiago,4,46769.0,857.95,mindicador.cl,11692.25,Joven,Bronce,0.3333333333333333,1,Electrónica
242,Lucas SepÃºlveda,35.0,Santiago,2,126475.0,857.95,mindicador.cl,63237.5,Adulto,Plata,0.1666666666666666,1,Electrónica
243,SofÃ­a Silva,39.0,Antofagasta,6,237596.0,857.95,mindicador.cl,39599.33,Adulto,Oro,0.5,5,Juguetes
244,JoaquÃ­n DÃ­az,46.0,Santiago,7,49886.0,857.95,mindicador.cl,7126.57,Adulto,Bronce,0.5833333333333334,5,Juguetes
245,JoaquÃ­n SepÃºlveda,29.0,ValparaÃ­so,2,26431.0,857.95,mindicador.cl,13215.5,Joven,Bronce,0.1666666666666666,1,Electrónica
246,SofÃ­a PÃ©rez,33.0,ValparaÃ­so,3,72627.0,857.95,mindicador.cl,24209.0,Adulto,Plata,0.25,4,Deportes
247,Fernanda Contreras,26.0,Santiago,2,41174.0,857.95,mindicador.cl,20587.0,Joven,Bronce,0.1666666666666666,5,Juguetes
248,BenjamÃ­n DÃ­az,18.0,Santiago,2,18639.0,857.95,mindicador.cl,9319.5,Joven,Bronce,0.1666666666666666,1,Electrónica
249,Ignacio DÃ­az,18.0,La Serena,3,215864.0,857.95,mindicador.cl,71954.67,Joven,Oro,0.25,1,Electrónica
250,Ana MuÃ±oz,18.0,Antofagasta,2,60738.0,857.95,mindicador.cl,30369.0,Joven,Plata,0.1666666666666666,2,Hogar
251,Valentina Flores,35.0,Santiago,3,94240.0,857.95,mindicador.cl,31413.33,Adulto,Plata,0.25,2,Hogar
252,TomÃ¡s MuÃ±oz,21.0,Santiago,3,49867.0,857.95,mindicador.cl,16622.33,Joven,Bronce,0.25,2,Hogar
253,Valentina MuÃ±oz,51.0,Santiago,6,225366.0,857.95,mindicador.cl,37561.0,Adulto,Oro,0.5,2,Hogar
254,Martina Flores,34.0,ValparaÃ­so,6,119936.0,857.95,mindicador.cl,19989.33,Adulto,Plata,0.5,3,Moda
255,JoaquÃ­n Contreras,50.0,ConcepciÃ³n,6,129485.0,857.95,mindicador.cl,21580.83,Adulto,Plata,0.5,5,Juguetes
256,Camila Soto,40.0,Santiago,4,147905.0,857.95,mindicador.cl,36976.25,Adulto,Plata,0.3333333333333333,4,Deportes
257,Daniela MartÃ­nez,44.0,Santiago,4,39963.0,857.95,mindicador.cl,9990.75,Adulto,Bronce,0.3333333333333333,5,Juguetes
258,SofÃ­a PÃ©rez,24.0,Temuco,2,126245.0,857.95,mindicador.cl,63122.5,Joven,Plata,0.1666666666666666,1,Electrónica
259,Valentina MuÃ±oz,41.0,Santiago,6,168625.0,857.95,mindicador.cl,28104.17,Adulto,Oro,0.5,2,Hogar
260,Lucas MartÃ­nez,44.0,ValparaÃ­so,5,245523.0,857.95,mindicador.cl,49104.6,Adulto,Oro,0.4166666666666667,3,Moda
261,Ignacio Rojas,28.0,La Serena,1,8327.0,857.95,mindicador.cl,8327.0,Joven,Bronce,0.0833333333333333,4,Deportes
262,Valentina Contreras,42.0,Santiago,4,56017.0,857.95,mindicador.cl,14004.25,Adulto,Plata,0.3333333333333333,5,Juguetes
263,Martina Flores,42.0,Santiago,6,74895.0,857.95,mindicador.cl,12482.5,Adulto,Plata,0.5,3,Moda
264,Antonia Flores,28.0,Santiago,4,114308.0,857.95,mindicador.cl,28577.0,Joven,Plata,0.3333333333333333,2,Hogar
265,Catalina PÃ©rez,22.0,Temuco,1,28997.0,857.95,mindicador.cl,28997.0,Joven,Bronce,0.0833333333333333,1,Electrónica
266,Lucas SepÃºlveda,21.0,Santiago,5,103099.0,857.95,mindicador.cl,20619.8,Joven,Plata,0.4166666666666667,5,Juguetes
267,TomÃ¡s Silva,36.0,Santiago,4,58791.0,857.95,mindicador.cl,14697.75,Adulto,Plata,0.3333333333333333,4,Deportes
268,Mateo Soto,39.0,Santiago,6,72511.0,857.95,mindicador.cl,12085.17,Adulto,Plata,0.5,4,Deportes
269,JoaquÃ­n MuÃ±oz,25.0,Santiago,5,111300.0,857.95,mindicador.cl,22260.0,Joven,Plata,0.4166666666666667,1,Electrónica
270,Lucas PÃ©rez,35.0,ConcepciÃ³n,2,39057.0,857.95,mindicador.cl,19528.5,Adulto,Bronce,0.1666666666666666,2,Hogar
271,Martina Silva,42.0,Santiago,2,34422.0,857.95,mindicador.cl,17211.0,Adulto,Bronce,0.1666666666666666,4,Deportes
273,Camila GonzÃ¡lez,54.0,ConcepciÃ³n,5,129998.0,857.95,mindicador.cl,25999.6,Adulto,Plata,0.4166666666666667,3,Moda
274,Catalina MartÃ­nez,50.0,Antofagasta,3,157012.0,857.95,mindicador.cl,52337.33,Adulto,Oro,0.25,5,Juguetes
275,BenjamÃ­n Torres,35.0,Santiago,5,97151.0,857.95,mindicador.cl,19430.2,Adulto,Plata,0.4166666666666667,4,Deportes
276,TomÃ¡s Flores,55.0,Antofagasta,4,109601.0,857.95,mindicador.cl,27400.25,Adulto,Plata,0.3333333333333333,4,Deportes
277,TomÃ¡s Soto,29.0,ConcepciÃ³n,5,118679.0,857.95,mindicador.cl,23735.8,Joven,Plata,0.4166666666666667,3,Moda
278,Ignacio MuÃ±oz,48.0,Santiago,4,38836.0,857.95,mindicador.cl,9709.0,Adulto,Bronce,0.3333333333333333,2,Hogar
279,SofÃ­a DÃ­az,36.0,La Serena,3,160650.0,857.95,mindicador.cl,53550.0,Adulto,Oro,0.25,4,Deportes
280,SofÃ­a Torres,30.0,Antofagasta,3,72129.0,857.95,mindicador.cl,24043.0,Adulto,Plata,0.25,3,Moda
281,Isidora Torres,18.0,Santiago,6,227927.0,857.95,mindicador.cl,37987.83,Joven,Oro,0.5,2,Hogar
282,TomÃ¡s Silva,33.0,Temuco,6,93747.0,857.95,mindicador.cl,15624.5,Adulto,Plata,0.5,4,Deportes
283,Daniela MuÃ±oz,18.0,ValparaÃ­so,6,142983.0,857.95,mindicador.cl,23830.5,Joven,Plata,0.5,5,Juguetes
284,TomÃ¡s MuÃ±oz,47.0,ConcepciÃ³n,5,78110.0,857.95,mindicador.cl,15622.0,Adulto,Plata,0.4166666666666667,2,Hogar
285,BenjamÃ­n Soto,35.0,Rancagua,4,188703.0,857.95,mindicador.cl,47175.75,Adulto,Oro,0.3333333333333333,1,Electrónica
286,Antonia Silva,25.0,Santiago,3,88755.0,857.95,mindicador.cl,29585.0,Joven,Plata,0.25,4,Deportes
287,Camila GonzÃ¡lez,39.0,Antofagasta,6,184961.0,857.95,mindicador.cl,30826.83,Adulto,Oro,0.5,4,Deportes
288,Lucas MartÃ­nez,26.0,Santiago,5,268697.0,857.95,mindicador.cl,53739.4,Joven,Oro,0.4166666666666667,2,Hogar
290,TomÃ¡s GonzÃ¡lez,44.0,ConcepciÃ³n,2,80309.0,857.95,mindicador.cl,40154.5,Adulto,Plata,0.1666666666666666,5,Juguetes
291,Ignacio MuÃ±oz,35.0,Santiago,6,69563.0,857.95,mindicador.cl,11593.83,Adulto,Plata,0.5,4,Deportes
292,Isidora Soto,56.0,Santiago,5,78683.0,857.95,mindicador.cl,15736.6,Adulto,Plata,0.4166666666666667,3,Moda
293,Catalina MartÃ­nez,29.0,Santiago,6,79282.0,857.95,mindicador.cl,13213.67,Joven,Plata,0.5,5,Juguetes
294,Martina SepÃºlveda,47.0,Santiago,3,117516.0,857.95,mindicador.cl,39172.0,Adulto,Plata,0.25,5,Juguetes
295,Vicente Soto,36.0,Santiago,3,88360.0,857.95,mindicador.cl,29453.33,Adulto,Plata,0.25,4,Deportes
296,Vicente DÃ­az,45.0,Santiago,5,59794.0,857.95,mindicador.cl,11958.8,Adulto,Plata,0.4166666666666667,1,Electrónica
297,Gabriel Flores,30.0,Santiago,4,97618.0,857.95,mindicador.cl,24404.5,Adulto,Plata,0.3333333333333333,3,Moda
298,BenjamÃ­n Soto,34.0,Santiago,5,60240.0,857.95,mindicador.cl,12048.0,Adulto,Plata,0.4166666666666667,5,Juguetes
299,Martina DÃ­az,34.0,La Serena,6,149096.0,857.95,mindicador.cl,24849.33,Adulto,Plata,0.5,3,Moda
300,Ana Soto,25.0,ConcepciÃ³n,3,25619.0,857.95,mindicador.cl,8539.67,Joven,Bronce,0.25,3,Moda
301,Mateo GonzÃ¡lez,43.0,La Serena,2,75536.0,857.95,mindicador.cl,37768.0,Adulto,Plata,0.1666666666666666,4,Deportes
302,Ignacio DÃ­az,43.0,Santiago,8,248894.0,857.95,mindicador.cl,31111.75,Adulto,Oro,0.6666666666666666,4,Deportes
303,Ana Contreras,42.0,Temuco,2,140864.0,857.95,mindicador.cl,70432.0,Adulto,Plata,0.1666666666666666,5,Juguetes
304,Antonia Flores,53.0,ConcepciÃ³n,6,235779.0,857.95,mindicador.cl,39296.5,Adulto,Oro,0.5,4,Deportes
305,Vicente MartÃ­nez,52.0,Santiago,1,21096.0,857.95,mindicador.cl,21096.0,Adulto,Bronce,0.0833333333333333,1,Electrónica
306,Camila SepÃºlveda,31.0,Santiago,4,148466.0,857.95,mindicador.cl,37116.5,Adulto,Plata,0.3333333333333333,3,Moda
307,Martina Contreras,39.0,ConcepciÃ³n,1,15089.0,857.95,mindicador.cl,15089.0,Adulto,Bronce,0.0833333333333333,2,Hogar
308,Vicente MuÃ±oz,28.0,Santiago,4,54130.0,857.95,mindicador.cl,13532.5,Joven,Plata,0.3333333333333333,2,Hogar
309,Martina PÃ©rez,35.0,ValparaÃ­so,2,61907.0,857.95,mindicador.cl,30953.5,Adulto,Plata,0.1666666666666666,5,Juguetes
310,SofÃ­a Flores,28.0,Rancagua,4,27904.0,857.95,mindicador.cl,6976.0,Joven,Bronce,0.3333333333333333,4,Deportes
311,JoaquÃ­n GonzÃ¡lez,54.0,Santiago,7,170137.0,857.95,mindicador.cl,24305.29,Adulto,Oro,0.5833333333333334,4,Deportes
312,Daniela Torres,39.0,Santiago,1,10479.0,857.95,mindicador.cl,10479.0,Adulto,Bronce,0.0833333333333333,2,Hogar
313,Camila MartÃ­nez,32.0,Rancagua,4,104924.0,857.95,mindicador.cl,26231.0,Adulto,Plata,0.3333333333333333,2,Hogar
314,Martina DÃ­az,49.0,ConcepciÃ³n,3,50907.0,857.95,mindicador.cl,16969.0,Adulto,Plata,0.25,2,Hogar
315,Isidora SepÃºlveda,18.0,Santiago,5,164776.0,857.95,mindicador.cl,32955.2,Joven,Oro,0.4166666666666667,5,Juguetes
316,JoaquÃ­n Torres,18.0,Temuco,4,102841.0,857.95,mindicador.cl,25710.25,Joven,Plata,0.3333333333333333,4,Deportes
317,Fernanda GonzÃ¡lez,45.0,Temuco,4,215894.0,857.95,mindicador.cl,53973.5,Adulto,Oro,0.3333333333333333,2,Hogar
318,Fernanda MuÃ±oz,36.0,ValparaÃ­so,3,79499.0,857.95,mindicador.cl,26499.67,Adulto,Plata,0.25,3,Moda
319,Antonia Silva,38.0,ConcepciÃ³n,6,103936.0,857.95,mindicador.cl,17322.67,Adulto,Plata,0.5,4,Deportes
320,Fernanda Flores,19.0,Santiago,7,148631.0,857.95,mindicador.cl,21233.0,Joven,Plata,0.5833333333333334,4,Deportes
321,Martina GonzÃ¡lez,35.0,Santiago,3,35420.0,857.95,mindicador.cl,11806.67,Adulto,Bronce,0.25,1,Electrónica
322,SofÃ­a Silva,59.0,ConcepciÃ³n,2,53405.0,857.95,mindicador.cl,26702.5,Adulto,Plata,0.1666666666666666,1,Electrónica
323,JoaquÃ­n MuÃ±oz,45.0,Santiago,2,74777.0,857.95,mindicador.cl,37388.5,Adulto,Plata,0.1666666666666666,4,Deportes
324,Antonia Silva,37.0,ConcepciÃ³n,3,301973.0,857.95,mindicador.cl,100657.67,Adulto,Oro,0.25,3,Moda
325,Catalina Silva,30.0,Antofagasta,9,160227.0,857.95,mindicador.cl,17803.0,Adulto,Oro,0.75,1,Electrónica
326,Isidora MuÃ±oz,30.0,Santiago,4,75680.0,857.95,mindicador.cl,18920.0,Adulto,Plata,0.3333333333333333,3,Moda
327,Isidora MartÃ­nez,18.0,ConcepciÃ³n,2,39473.0,857.95,mindicador.cl,19736.5,Joven,Bronce,0.1666666666666666,2,Hogar
328,Ana Torres,38.0,Santiago,4,107854.0,857.95,mindicador.cl,26963.5,Adulto,Plata,0.3333333333333333,1,Electrónica
329,Camila Torres,45.0,Temuco,8,243402.0,857.95,mindicador.cl,30425.25,Adulto,Oro,0.6666666666666666,5,Juguetes
330,Vicente GonzÃ¡lez,18.0,Santiago,2,51686.0,857.95,mindicador.cl,25843.0,Joven,Plata,0.1666666666666666,4,Deportes
331,Vicente Rojas,27.0,ConcepciÃ³n,3,137588.0,857.95,mindicador.cl,45862.67,Joven,Plata,0.25,4,Deportes
332,Mateo Rojas,21.0,ValparaÃ­so,1,15365.0,857.95,mindicador.cl,15365.0,Joven,Bronce,0.0833333333333333,1,Electrónica
333,Martina Soto,23.0,Santiago,6,254770.0,857.95,mindicador.cl,42461.67,Joven,Oro,0.5,5,Juguetes
334,Ignacio MuÃ±oz,36.0,ConcepciÃ³n,2,67864.0,857.95,mindicador.cl,33932.0,Adulto,Plata,0.1666666666666666,2,Hogar
335,TomÃ¡s Torres,18.0,La Serena,2,47623.0,857.95,mindicador.cl,23811.5,Joven,Bronce,0.1666666666666666,2,Hogar
336,Ignacio SepÃºlveda,42.0,ValparaÃ­so,8,162645.0,857.95,mindicador.cl,20330.62,Adulto,Oro,0.6666666666666666,3,Moda
337,Catalina SepÃºlveda,44.0,La Serena,2,188274.0,857.95,mindicador.cl,94137.0,Adulto,Oro,0.1666666666666666,2,Hogar
338,Martina Rojas,32.0,Rancagua,5,81453.0,857.95,mindicador.cl,16290.6,Adulto,Plata,0.4166666666666667,4,Deportes
339,Valentina GonzÃ¡lez,18.0,Santiago,4,116915.0,857.95,mindicador.cl,29228.75,Joven,Plata,0.3333333333333333,1,Electrónica
340,Catalina Torres,23.0,ValparaÃ­so,6,92219.0,857.95,mindicador.cl,15369.83,Joven,Plata,0.5,1,Electrónica
341,JoaquÃ­n DÃ­az,50.0,Santiago,1,71696.0,857.95,mindicador.cl,71696.0,Adulto,Plata,0.0833333333333333,4,Deportes
342,Martina Silva,18.0,Antofagasta,5,189888.0,857.95,mindicador.cl,37977.6,Joven,Oro,0.4166666666666667,5,Juguetes
343,JoaquÃ­n Torres,31.0,ValparaÃ­so,5,83843.0,857.95,mindicador.cl,16768.6,Adulto,Plata,0.4166666666666667,3,Moda
344,Vicente GonzÃ¡lez,35.0,Santiago,4,129467.0,857.95,mindicador.cl,32366.75,Adulto,Plata,0.3333333333333333,2,Hogar
345,Antonia GonzÃ¡lez,45.0,Santiago,3,87161.0,857.95,mindicador.cl,29053.67,Adulto,Plata,0.25,5,Juguetes
346,Isidora GonzÃ¡lez,27.0,Temuco,2,40441.0,857.95,mindicador.cl,20220.5,Joven,Bronce,0.1666666666666666,4,Deportes
347,Catalina MuÃ±oz,40.0,Santiago,7,271177.0,857.95,mindicador.cl,38739.57,Adulto,Oro,0.5833333333333334,1,Electrónica
348,Antonia GonzÃ¡lez,42.0,ConcepciÃ³n,5,151284.0,857.95,mindicador.cl,30256.8,Adulto,Oro,0.4166666666666667,2,Hogar
349,Valentina SepÃºlveda,57.0,Santiago,5,143678.0,857.95,mindicador.cl,28735.6,Adulto,Plata,0.4166666666666667,1,Electrónica
350,Camila Silva,33.0,Rancagua,3,74270.0,857.95,mindicador.cl,24756.67,Adulto,Plata,0.25,4,Deportes
351,Vicente Flores,40.0,Santiago,8,244951.0,857.95,mindicador.cl,30618.88,Adulto,Oro,0.6666666666666666,3,Moda
352,Ana SepÃºlveda,18.0,Santiago,3,94588.0,857.95,mindicador.cl,31529.33,Joven,Plata,0.25,2,Hogar
353,Martina Flores,49.0,Antofagasta,4,96110.0,857.95,mindicador.cl,24027.5,Adulto,Plata,0.3333333333333333,3,Moda
354,BenjamÃ­n Rojas,26.0,Temuco,5,89958.0,857.95,mindicador.cl,17991.6,Joven,Plata,0.4166666666666667,2,Hogar
356,Catalina Torres,35.0,ValparaÃ­so,3,43466.0,857.95,mindicador.cl,14488.67,Adulto,Bronce,0.25,2,Hogar
357,Camila Rojas,18.0,La Serena,2,60785.0,857.95,mindicador.cl,30392.5,Joven,Plata,0.1666666666666666,1,Electrónica
358,Antonia GonzÃ¡lez,38.0,Temuco,3,67024.0,857.95,mindicador.cl,22341.33,Adulto,Plata,0.25,3,Moda
360,Fernanda SepÃºlveda,39.0,ValparaÃ­so,1,14881.0,857.95,mindicador.cl,14881.0,Adulto,Bronce,0.0833333333333333,3,Moda
361,Gabriel Flores,18.0,La Serena,5,80603.0,857.95,mindicador.cl,16120.6,Joven,Plata,0.4166666666666667,4,Deportes
362,Antonia Flores,34.0,La Serena,3,40609.0,857.95,mindicador.cl,13536.33,Adulto,Bronce,0.25,4,Deportes
363,Isidora MuÃ±oz,44.0,La Serena,5,151483.0,857.95,mindicador.cl,30296.6,Adulto,Oro,0.4166666666666667,4,Deportes
364,Antonia SepÃºlveda,18.0,ValparaÃ­so,6,75876.0,857.95,mindicador.cl,12646.0,Joven,Plata,0.5,3,Moda
365,Camila Torres,22.0,Santiago,12,228862.0,857.95,mindicador.cl,19071.83,Joven,Oro,1.0,1,Electrónica
366,Vicente MartÃ­nez,46.0,Temuco,2,19209.0,857.95,mindicador.cl,9604.5,Adulto,Bronce,0.1666666666666666,1,Electrónica
367,TomÃ¡s SepÃºlveda,38.0,Antofagasta,7,199989.0,857.95,mindicador.cl,28569.86,Adulto,Oro,0.5833333333333334,3,Moda
368,Martina Torres,40.0,Antofagasta,2,33510.0,857.95,mindicador.cl,16755.0,Adulto,Bronce,0.1666666666666666,4,Deportes
369,Ana Soto,57.0,Santiago,12,131047.0,857.95,mindicador.cl,10920.58,Adulto,Plata,1.0,4,Deportes
370,Fernanda GonzÃ¡lez,41.0,Santiago,6,271025.0,857.95,mindicador.cl,45170.83,Adulto,Oro,0.5,3,Moda
371,Mateo Soto,43.0,La Serena,3,33052.0,857.95,mindicador.cl,11017.33,Adulto,Bronce,0.25,3,Moda
372,JoaquÃ­n Rojas,35.0,Santiago,3,118400.0,857.95,mindicador.cl,39466.67,Adulto,Plata,0.25,5,Juguetes
373,BenjamÃ­n MuÃ±oz,32.0,Rancagua,1,18175.0,857.95,mindicador.cl,18175.0,Adulto,Bronce,0.0833333333333333,4,Deportes
374,Mateo MuÃ±oz,25.0,Santiago,5,293670.0,857.95,mindicador.cl,58734.0,Joven,Oro,0.4166666666666667,1,Electrónica
375,Gabriel MartÃ­nez,40.0,La Serena,5,180519.0,857.95,mindicador.cl,36103.8,Adulto,Oro,0.4166666666666667,4,Deportes
376,SofÃ­a Contreras,40.0,Temuco,6,88284.0,857.95,mindicador.cl,14714.0,Adulto,Plata,0.5,2,Hogar
377,Fernanda Contreras,29.0,Santiago,7,101601.0,857.95,mindicador.cl,14514.43,Joven,Plata,0.5833333333333334,4,Deportes
378,Fernanda MartÃ­nez,23.0,Santiago,9,315431.0,857.95,mindicador.cl,35047.89,Joven,Oro,0.75,1,Electrónica
379,Mateo Contreras,63.0,ConcepciÃ³n,4,90467.0,857.95,mindicador.cl,22616.75,Sénior,Plata,0.3333333333333333,3,Moda
380,Isidora Silva,39.0,ConcepciÃ³n,4,84752.0,857.95,mindicador.cl,21188.0,Adulto,Plata,0.3333333333333333,1,Electrónica
382,Antonia Torres,46.0,ConcepciÃ³n,4,74619.0,857.95,mindicador.cl,18654.75,Adulto,Plata,0.3333333333333333,4,Deportes
383,Catalina Soto,34.0,Temuco,7,185769.0,857.95,mindicador.cl,26538.43,Adulto,Oro,0.5833333333333334,1,Electrónica
384,Isidora MuÃ±oz,32.0,ValparaÃ­so,2,82431.0,857.95,mindicador.cl,41215.5,Adulto,Plata,0.1666666666666666,3,Moda
385,Ana SepÃºlveda,42.0,Santiago,2,73356.0,857.95,mindicador.cl,36678.0,Adulto,Plata,0.1666666666666666,2,Hogar
386,Camila MartÃ­nez,19.0,Santiago,7,157740.0,857.95,mindicador.cl,22534.29,Joven,Oro,0.5833333333333334,5,Juguetes
387,SofÃ­a GonzÃ¡lez,39.0,Santiago,4,79355.0,857.95,mindicador.cl,19838.75,Adulto,Plata,0.3333333333333333,4,Deportes
388,Ignacio Rojas,58.0,Santiago,7,71668.0,857.95,mindicador.cl,10238.29,Adulto,Plata,0.5833333333333334,3,Moda
389,Antonia GonzÃ¡lez,41.0,Santiago,5,66038.0,857.95,mindicador.cl,13207.6,Adulto,Plata,0.4166666666666667,5,Juguetes
390,Camila DÃ­az,30.0,ConcepciÃ³n,5,154388.0,857.95,mindicador.cl,30877.6,Adulto,Oro,0.4166666666666667,1,Electrónica
391,Fernanda MuÃ±oz,29.0,Santiago,2,44345.0,857.95,mindicador.cl,22172.5,Joven,Bronce,0.1666666666666666,4,Deportes
392,Valentina MartÃ­nez,30.0,Rancagua,5,125042.0,857.95,mindicador.cl,25008.4,Adulto,Plata,0.4166666666666667,5,Juguetes
393,Mateo Contreras,32.0,Santiago,3,130699.0,857.95,mindicador.cl,43566.33,Adulto,Plata,0.25,2,Hogar
394,Lucas Flores,30.0,Santiago,2,12903.0,857.95,mindicador.cl,6451.5,Adulto,Bronce,0.1666666666666666,3,Moda
395,Daniela MartÃ­nez,46.0,La Serena,2,43305.0,857.95,mindicador.cl,21652.5,Adulto,Bronce,0.1666666666666666,1,Electrónica
396,Gabriel Silva,18.0,Temuco,6,165555.0,857.95,mindicador.cl,27592.5,Joven,Oro,0.5,2,Hogar
397,Ana Contreras,45.0,Santiago,5,88986.0,857.95,mindicador.cl,17797.2,Adulto,Plata,0.4166666666666667,4,Deportes
398,Valentina GonzÃ¡lez,30.0,Santiago,5,265254.0,857.95,mindicador.cl,53050.8,Adulto,Oro,0.4166666666666667,5,Juguetes
399,Martina GonzÃ¡lez,40.0,Santiago,4,170636.0,857.95,mindicador.cl,42659.0,Adulto,Oro,0.3333333333333333,1,Electrónica
400,Martina Silva,21.0,ValparaÃ­so,4,121404.0,857.95,mindicador.cl,30351.0,Joven,Plata,0.3333333333333333,3,Moda
401,Catalina GonzÃ¡lez,51.0,ValparaÃ­so,2,140396.0,857.95,mindicador.cl,70198.0,Adulto,Plata,0.1666666666666666,4,Deportes
402,Fernanda GonzÃ¡lez,50.0,Santiago,4,43587.0,857.95,mindicador.cl,10896.75,Adulto,Bronce,0.3333333333333333,3,Moda
403,Martina Rojas,47.0,Santiago,1,29963.0,857.95,mindicador.cl,29963.0,Adulto,Bronce,0.0833333333333333,4,Deportes
404,Catalina Torres,18.0,ValparaÃ­so,4,114966.0,857.95,mindicador.cl,28741.5,Joven,Plata,0.3333333333333333,2,Hogar
405,TomÃ¡s Soto,45.0,Rancagua,4,64036.0,857.95,mindicador.cl,16009.0,Adulto,Plata,0.3333333333333333,4,Deportes
407,BenjamÃ­n PÃ©rez,18.0,ValparaÃ­so,10,127768.0,857.95,mindicador.cl,12776.8,Joven,Plata,0.8333333333333334,1,Electrónica
408,Camila Rojas,35.0,Santiago,6,213680.0,857.95,mindicador.cl,35613.33,Adulto,Oro,0.5,1,Electrónica
409,Antonia PÃ©rez,35.0,Santiago,4,178955.0,857.95,mindicador.cl,44738.75,Adulto,Oro,0.3333333333333333,2,Hogar
410,Ana MuÃ±oz,42.0,Santiago,3,82997.0,857.95,mindicador.cl,27665.67,Adulto,Plata,0.25,5,Juguetes
411,Valentina SepÃºlveda,37.0,La Serena,5,46998.0,857.95,mindicador.cl,9399.6,Adulto,Bronce,0.4166666666666667,2,Hogar
412,Isidora Rojas,38.0,Temuco,5,64407.0,857.95,mindicador.cl,12881.4,Adulto,Plata,0.4166666666666667,1,Electrónica
413,Martina PÃ©rez,53.0,Temuco,3,91682.0,857.95,mindicador.cl,30560.67,Adulto,Plata,0.25,5,Juguetes
414,Camila Flores,50.0,Rancagua,10,259794.0,857.95,mindicador.cl,25979.4,Adulto,Oro,0.8333333333333334,4,Deportes
415,Ana Silva,18.0,Rancagua,5,32925.0,857.95,mindicador.cl,6585.0,Joven,Bronce,0.4166666666666667,1,Electrónica
416,Daniela Soto,31.0,Rancagua,6,291890.0,857.95,mindicador.cl,48648.33,Adulto,Oro,0.5,1,Electrónica
417,Catalina Contreras,33.0,Santiago,1,26936.0,857.95,mindicador.cl,26936.0,Adulto,Bronce,0.0833333333333333,2,Hogar
418,Camila SepÃºlveda,18.0,Santiago,6,100695.0,857.95,mindicador.cl,16782.5,Joven,Plata,0.5,5,Juguetes
419,Martina DÃ­az,36.0,Santiago,1,45307.0,857.95,mindicador.cl,45307.0,Adulto,Bronce,0.0833333333333333,3,Moda
420,Vicente Silva,50.0,ValparaÃ­so,2,35187.0,857.95,mindicador.cl,17593.5,Adulto,Bronce,0.1666666666666666,2,Hogar
421,Antonia Torres,22.0,Santiago,6,108194.0,857.95,mindicador.cl,18032.33,Joven,Plata,0.5,4,Deportes
422,Daniela Contreras,39.0,Antofagasta,3,87686.0,857.95,mindicador.cl,29228.67,Adulto,Plata,0.25,1,Electrónica
425,BenjamÃ­n Rojas,53.0,Santiago,5,150982.0,857.95,mindicador.cl,30196.4,Adulto,Oro,0.4166666666666667,4,Deportes
426,Valentina Flores,28.0,Santiago,2,62530.0,857.95,mindicador.cl,31265.0,Joven,Plata,0.1666666666666666,4,Deportes
427,Gabriel Contreras,41.0,Santiago,8,309457.0,857.95,mindicador.cl,38682.12,Adulto,Oro,0.6666666666666666,4,Deportes
428,Ignacio DÃ­az,18.0,Antofagasta,4,50262.0,857.95,mindicador.cl,12565.5,Joven,Plata,0.3333333333333333,4,Deportes
429,Ana Soto,57.0,ConcepciÃ³n,5,172902.0,857.95,mindicador.cl,34580.4,Adulto,Oro,0.4166666666666667,1,Electrónica
430,Daniela Contreras,42.0,La Serena,2,37400.0,857.95,mindicador.cl,18700.0,Adulto,Bronce,0.1666666666666666,3,Moda
431,SofÃ­a Contreras,33.0,Santiago,5,144048.0,857.95,mindicador.cl,28809.6,Adulto,Plata,0.4166666666666667,3,Moda
432,Fernanda MartÃ­nez,42.0,Santiago,3,65089.0,857.95,mindicador.cl,21696.33,Adulto,Plata,0.25,3,Moda
433,Ignacio DÃ­az,18.0,Santiago,3,97329.0,857.95,mindicador.cl,32443.0,Joven,Plata,0.25,3,Moda
434,Camila Silva,49.0,La Serena,2,55146.0,857.95,mindicador.cl,27573.0,Adulto,Plata,0.1666666666666666,5,Juguetes
435,BenjamÃ­n Soto,31.0,La Serena,5,12466.0,857.95,mindicador.cl,2493.2,Adulto,Bronce,0.4166666666666667,2,Hogar
436,Camila Flores,33.0,Santiago,6,169964.0,857.95,mindicador.cl,28327.33,Adulto,Oro,0.5,4,Deportes
437,Lucas MuÃ±oz,29.0,Temuco,5,174564.0,857.95,mindicador.cl,34912.8,Joven,Oro,0.4166666666666667,3,Moda
438,Antonia MuÃ±oz,28.0,Santiago,4,133895.0,857.95,mindicador.cl,33473.75,Joven,Plata,0.3333333333333333,1,Electrónica
439,SofÃ­a Soto,43.0,Temuco,9,210266.0,857.95,mindicador.cl,23362.89,Adulto,Oro,0.75,4,Deportes
440,BenjamÃ­n Contreras,38.0,Santiago,5,308188.0,857.95,mindicador.cl,61637.6,Adulto,Oro,0.4166666666666667,2,Hogar
441,Catalina MartÃ­nez,43.0,Santiago,5,157918.0,857.95,mindicador.cl,31583.6,Adulto,Oro,0.4166666666666667,5,Juguetes
442,Martina PÃ©rez,35.0,Antofagasta,6,189438.0,857.95,mindicador.cl,31573.0,Adulto,Oro,0.5,2,Hogar
443,Camila Torres,35.0,Santiago,2,95004.0,857.95,mindicador.cl,47502.0,Adulto,Plata,0.1666666666666666,5,Juguetes
444,TomÃ¡s Soto,30.0,Santiago,3,91748.0,857.95,mindicador.cl,30582.67,Adulto,Plata,0.25,3,Moda
445,Vicente MuÃ±oz,62.0,Santiago,2,32589.0,857.95,mindicador.cl,16294.5,Sénior,Bronce,0.1666666666666666,5,Juguetes
446,JoaquÃ­n MuÃ±oz,18.0,Santiago,4,26506.0,857.95,mindicador.cl,6626.5,Joven,Bronce,0.3333333333333333,2,Hogar
447,Martina Flores,50.0,La Serena,6,119618.0,857.95,mindicador.cl,19936.33,Adulto,Plata,0.5,5,Juguetes
448,Catalina MuÃ±oz,51.0,Antofagasta,5,186536.0,857.95,mindicador.cl,37307.2,Adulto,Oro,0.4166666666666667,2,Hogar
449,Vicente Flores,25.0,Temuco,3,56842.0,857.95,mindicador.cl,18947.33,Joven,Plata,0.25,3,Moda
450,Martina DÃ­az,62.0,Santiago,2,74493.0,857.95,mindicador.cl,37246.5,Sénior,Plata,0.1666666666666666,2,Hogar
451,Catalina MuÃ±oz,47.0,ValparaÃ­so,3,81891.0,857.95,mindicador.cl,27297.0,Adulto,Plata,0.25,2,Hogar
452,Antonia DÃ­az,47.0,Santiago,2,100437.0,857.95,mindicador.cl,50218.5,Adulto,Plata,0.1666666666666666,5,Juguetes
453,TomÃ¡s Silva,35.0,Santiago,1,24805.0,857.95,mindicador.cl,24805.0,Adulto,Bronce,0.0833333333333333,3,Moda
454,Ana Soto,32.0,Santiago,3,103520.0,857.95,mindicador.cl,34506.67,Adulto,Plata,0.25,2,Hogar
455,Lucas SepÃºlveda,35.0,Temuco,4,127201.0,857.95,mindicador.cl,31800.25,Adulto,Plata,0.3333333333333333,1,Electrónica
457,Camila PÃ©rez,52.0,La Serena,2,12377.0,857.95,mindicador.cl,6188.5,Adulto,Bronce,0.1666666666666666,1,Electrónica
458,JoaquÃ­n Silva,37.0,ValparaÃ­so,3,68438.0,857.95,mindicador.cl,22812.67,Adulto,Plata,0.25,3,Moda
459,Gabriel Flores,35.0,ValparaÃ­so,5,200860.0,857.95,mindicador.cl,40172.0,Adulto,Oro,0.4166666666666667,2,Hogar
460,SofÃ­a PÃ©rez,35.0,ValparaÃ­so,3,177915.0,857.95,mindicador.cl,59305.0,Adulto,Oro,0.25,2,Hogar
461,Fernanda MuÃ±oz,46.0,ValparaÃ­so,3,78885.0,857.95,mindicador.cl,26295.0,Adulto,Plata,0.25,1,Electrónica
462,Camila PÃ©rez,43.0,Santiago,4,85124.0,857.95,mindicador.cl,21281.0,Adulto,Plata,0.3333333333333333,5,Juguetes
463,Fernanda Torres,44.0,Santiago,3,116285.0,857.95,mindicador.cl,38761.67,Adulto,Plata,0.25,3,Moda
465,Ana Flores,24.0,Rancagua,4,87431.0,857.95,mindicador.cl,21857.75,Joven,Plata,0.3333333333333333,5,Juguetes
466,Catalina Silva,25.0,ValparaÃ­so,6,191442.0,857.95,mindicador.cl,31907.0,Joven,Oro,0.5,4,Deportes
467,Camila Silva,18.0,Rancagua,5,234537.0,857.95,mindicador.cl,46907.4,Joven,Oro,0.4166666666666667,1,Electrónica
469,Valentina Flores,34.0,ValparaÃ­so,3,108446.0,857.95,mindicador.cl,36148.67,Adulto,Plata,0.25,5,Juguetes
470,Antonia GonzÃ¡lez,30.0,Santiago,5,136103.0,857.95,mindicador.cl,27220.6,Adulto,Plata,0.4166666666666667,3,Moda
471,Fernanda DÃ­az,18.0,Santiago,2,53747.0,857.95,mindicador.cl,26873.5,Joven,Plata,0.1666666666666666,4,Deportes
472,Ignacio Soto,20.0,Santiago,4,135198.0,857.95,mindicador.cl,33799.5,Joven,Plata,0.3333333333333333,3,Moda
473,BenjamÃ­n Soto,48.0,Santiago,6,140937.0,857.95,mindicador.cl,23489.5,Adulto,Plata,0.5,4,Deportes
474,TomÃ¡s Soto,27.0,Temuco,2,51414.0,857.95,mindicador.cl,25707.0,Joven,Plata,0.1666666666666666,1,Electrónica
475,JoaquÃ­n MuÃ±oz,39.0,Santiago,4,60337.0,857.95,mindicador.cl,15084.25,Adulto,Plata,0.3333333333333333,4,Deportes
477,Gabriel MuÃ±oz,52.0,ValparaÃ­so,6,78820.0,857.95,mindicador.cl,13136.67,Adulto,Plata,0.5,3,Moda
478,Ana Contreras,33.0,Santiago,7,141026.0,857.95,mindicador.cl,20146.57,Adulto,Plata,0.5833333333333334,2,Hogar
479,JoaquÃ­n PÃ©rez,38.0,ValparaÃ­so,7,183710.0,857.95,mindicador.cl,26244.29,Adulto,Oro,0.5833333333333334,4,Deportes
481,Martina Silva,53.0,Rancagua,1,19867.0,857.95,mindicador.cl,19867.0,Adulto,Bronce,0.0833333333333333,3,Moda
482,Ignacio MartÃ­nez,31.0,Antofagasta,5,90638.0,857.95,mindicador.cl,18127.6,Adulto,Plata,0.4166666666666667,2,Hogar
483,Isidora Contreras,28.0,La Serena,3,63630.0,857.95,mindicador.cl,21210.0,Joven,Plata,0.25,3,Moda
484,Ignacio Silva,31.0,ValparaÃ­so,5,314212.0,857.95,mindicador.cl,62842.4,Adulto,Oro,0.4166666666666667,5,Juguetes
485,TomÃ¡s Silva,41.0,Santiago,2,14663.0,857.95,mindicador.cl,7331.5,Adulto,Bronce,0.1666666666666666,3,Moda
486,Isidora Silva,34.0,Temuco,3,42207.0,857.95,mindicador.cl,14069.0,Adulto,Bronce,0.25,1,Electrónica
488,Vicente DÃ­az,53.0,Santiago,1,37870.0,857.95,mindicador.cl,37870.0,Adulto,Bronce,0.0833333333333333,3,Moda
489,Fernanda Rojas,34.0,Santiago,10,136926.0,857.95,mindicador.cl,13692.6,Adulto,Plata,0.8333333333333334,4,Deportes
490,Lucas SepÃºlveda,35.0,Antofagasta,7,163898.0,857.95,mindicador.cl,23414.0,Adulto,Oro,0.5833333333333334,5,Juguetes
491,Antonia PÃ©rez,36.0,ConcepciÃ³n,1,24305.0,857.95,mindicador.cl,24305.0,Adulto,Bronce,0.0833333333333333,3,Moda
492,Gabriel Contreras,56.0,La Serena,5,198661.0,857.95,mindicador.cl,39732.2,Adulto,Oro,0.4166666666666667,4,Deportes
493,Fernanda Rojas,39.0,Antofagasta,3,203724.0,857.95,mindicador.cl,67908.0,Adulto,Oro,0.25,3,Moda
494,Lucas Soto,47.0,Santiago,3,100278.0,857.95,mindicador.cl,33426.0,Adulto,Plata,0.25,4,Deportes
495,Martina Contreras,26.0,Temuco,4,76712.0,857.95,mindicador.cl,19178.0,Joven,Plata,0.3333333333333333,3,Moda
496,BenjamÃ­n Silva,25.0,Santiago,4,161038.0,857.95,mindicador.cl,40259.5,Joven,Oro,0.3333333333333333,5,Juguetes
497,Camila Contreras,41.0,ConcepciÃ³n,3,52400.0,857.95,mindicador.cl,17466.67,Adulto,Plata,0.25,5,Juguetes
498,Mateo PÃ©rez,47.0,Santiago,3,42892.0,857.95,mindicador.cl,14297.33,Adulto,Bronce,0.25,3,Moda
499,Antonia Flores,35.0,Rancagua,1,4814.0,857.95,mindicador.cl,4814.0,Adulto,Bronce,0.0833333333333333,5,Juguetes
500,BenjamÃ­n Contreras,20.0,Santiago,4,42341.0,857.95,mindicador.cl,10585.25,Joven,Bronce,0.3333333333333333,4,Deportes
